"ID","Description","GeneRatio","BgRatio","RichFactor","FoldEnrichment","zScore","pvalue","p.adjust","qvalue","geneID","Count"
"R-MMU-9012999","RHO GTPase cycle","351/6675","394/8731",0.890862944162436,1.1652620772258,6.04835981216638,5.13928557311106e-11,5.98212840710127e-08,5.03649986164884e-08,"Prex2/Fam135a/Dst/Ccdc115/Zap70/Nck2/Hspe1/Abi2/Cul3/Dock10/Ngef/Farp2/Steap3/Srgap2/Kif14/Ncf2/Tor1aip1/Rasal2/Vangl2/Cdc42bpa/Lbr/Akap12/Arhgap18/Wasf1/Gopc/Gja1/Sowahc/Rhobtb1/Bcr/Ckap4/Bltp3b/Cct2/Frs2/Srgap1/Esyt1/Ykt6/Vrk2/Ccdc88a/Sptbn1/Stk10/Dock2/Cyfip2/Aldh3a2/Arhgap44/Arhgef15/Pld2/Ankfy1/Abr/Cpd/Git1/Tnfaip1/Cltc/Msi2/Arhgap23/Jup/Cavin1/Rnd2/Fmnl1/Arhgap27/Tex2/Gna13/Cdc42ep4/Grb2/Baiap2/Actg1/Arhgdia/Rhob/Rock2/Kidins220/Dock4/Scfd1/Arhgap5/Ralgapa1/Sos2/Daam1/Rhoj/Plekhg3/Actn1/Hsp90aa1/Cdc42bpb/Ckb/Net1/Mtr/Dsp/Gfod1/Rasgrf2/Iqgap2/Arhgef28/Pik3r1/Erbin/Depdc1b/Dlg5/Arhgef3/Nisch/Arhgap22/Fermt2/Ktn1/Hnrnpc/Spata13/Ptk2b/Dock5/Rhobtb2/Epsti1/Diaph3/Slitrk5/Farp1/Basp1/Trio/Fam91a1/Rhpn1/Scrib/Arhgap39/Ncf4/Cdc42ep1/Sh3bp1/Baiap2l2/Arfgap3/Samm50/Arhgap8/Cpne8/Twf1/Senp1/Rnd1/Tuba1b/Fmnl3/Racgap1/Hmox2/Fgd4/Tra2b/Pak2/Tfrc/Kalrn/Arhgap31/Cep97/Arl13b/Itsn1/Tiam2/Nox3/Tagap/Arhgdig/Def6/Stk38/Fgd2/Ddx39b/Hsp90ab1/Frs3/Trip10/Vav1/Ralbp1/Arhgap28/Cdc42ep3/Sos1/Rhoq/Arhgap12/Mpp7/Rock1/Fam13b/Diaph1/Arap3/Arhgap26/Lmnb1/Txnl1/Lman1/Rhod/Map3k11/Cdc42ep2/Stip1/Stx5a/Tjp2/Dock8/Arhgap19/Dnmbp/Slk/Add3/Vim/Stam/Arhgap21/Abi1/Acbd5/Noxa1/Vav2/Rapgef1/Pkn3/Fnbp1/Golga2/Stom/Rnd3/Stam2/Fmnl2/Pkp4/Chn1/Nckap1/Ndufs3/Arhgap1/Arhgap11a/Actc1/Pak6/Rhov/Snap23/Cops2/Ddrgk1/Pak5/Jag1/Nsfl1c/Rbm39/Arhgap40/Elmo2/Prex1/Pard6b/Ect2/Pik3ca/Pgrmc2/Arhgef26/Arhgef11/Iqgap3/Arhgef2/Tpm3/Vangl1/Vav3/Dbt/Abcd3/Arhgap29/Pde5a/Pkn2/Syde2/Vcp/Arhgef39/Hint2/Rnf20/Pik3r3/Wasf2/Nudc/Ubxn11/Maco1/Srrm1/Cdc42/Capzb/Arhgef10l/Arhgef19/Spen/Vamp3/Plekhg5/Letm1/Pcdh7/Rhoh/Stbd1/Cops4/Arhgap24/Ptpn13/Golga3/Ankle2/Git2/Cit/Taok3/Rhof/Actb/Rac1/Baiap2l1/Wasf3/Stard13/Cav1/Cftr/Ndufa5/Chn2/Fam13a/Sema4f/Rtkn/Cct7/Arhgap25/Rab7/Plxna1/Srgap3/Emc3/Brk1/Plxnd1/Plekhg6/Arhgdib/Arhgap35/Arhgef1/Plekhg2/Pak4/Garre1/Cyfip1/Akap13/Iqgap1/Whamm/Picalm/Arhgef17/Arap1/Lamtor1/Rhog/Swap70/Rras2/Ccp110/Rbbp6/Arhgap17/Kctd13/Wdr11/Dock1/Arhgef18/Arhgef7/Arhgef10/Prag1/Dlc1/Sh3rf1/Gmip/Pik3r2/Tpm4/Arhgap10/Pkn1/Pard6a/Wwp2/Cyba/Rhou/Itgb1/Arhgap42/Cdc37/Dock6/Anln/Arhgap32/Mcam/Arhgap20/Peak1/Csk/Myo9a/Uaca/Tmod3/Fam83b/Lrrc1/Filip1/Myo6/Nck1/Rhoa/Wdr6/Plxnb1/Usp9x/Dock11/Ocrl/Mtmr1/Bcap31/Emd/Atp6ap1/Arhgef9/Ophn1/Stard8/Diaph2/Nox1/Pak3/Nhs/Mospd2/Arhgap6",351
"R-MMU-983168","Antigen processing: Ubiquitination & Proteasome degradation","239/6675","270/8731",0.885185185185185,1.1578354834235,4.74675570501562,2.60418189968806e-07,0.000151563386561845,0.000127604913084715,"Ube2w/Eloc/Tpp2/Hecw2/Cul3/Trip12/Psmd1/Asb18/Ube2f/Asb1/Klhl20/Fbxo30/Rnf217/Hace1/Herc4/Ube2d1/Ube2g2/Cdc34/Rnf126/Thop1/Fzr1/Fbxo7/Ube2n/Rnf41/Rps27a/Fbxw11/Trim41/Rnf130/Ube2b/Skp1/Trim11/Ubb/Ube2g1/Blmh/Wsb1/Psmd11/Trim37/Ube2z/Npepps/Psmb3/Fbxl20/Psmd3/Klhl11/Asb16/Cdc27/Psmc5/Smurf2/Psmd12/Ube2o/Socs3/Anapc11/Cbll1/Psma6/Lrr1/Psma3/Arel1/Psmc1/Btbd6/Asb13/Rnf182/Mylip/Rnf144b/Kctd6/Psmd6/Ube2e1/Ube2e2/Asb14/Psmc6/Lmo7/Fbxl3/Fbxo4/Skp2/Fbxl7/Rnf19a/Fbxo32/Rbx1/Asb8/Mgrn1/Socs1/Ube2v2/Ube2l3/Klhl22/Psmd2/Dtx3l/Fbxo40/Dzip3/Cblb/Ltn1/Prkn/Psmb1/Lnpep/Elob/Ccnf/Unkl/Fbxl16/Stub1/Trim39/Cul7/Ubr2/Pja2/Fbxo11/Cul2/Rnf138/Cdc23/Ube2d2a/Rnf14/Trim36/Mex3c/Hectd2/Fbxw4/Fbxl15/Ubac1/Asb6/Lrsam1/Psmb7/Psmd14/Klhl41/Ube2e3/Ube2l6/Psmc3/Ubr1/Trim69/Anapc1/Rbck1/Itch/Ube2c/Rnf114/Ube2v1/Psma7/Adrm1/Siah2/Fbxw7/Ube2q1/Psmb4/Rnf115/Psma5/Ube2d3/Fbxl4/Ufl1/Ube2j1/Ube2r2/Fbxo10/Cdc26/Trim32/Lrrc41/Hectd3/Rnf220/Cdc20/Psmb2/Ubr4/Fbxo6/Fbxo44/Spsb1/Klhl21/Fbxl13/Psmc2/Asb10/Ube3c/Rnf4/Fbxl5/Anapc4/Klhl5/Ube2k/Lnx1/Uba6/Rchy1/Glmn/Ube3b/Fbxo21/Fbxw8/Anapc7/Anapc5/Rnf34/Ubc/Kctd7/Smurf1/Rnf6/Asb4/Ube2h/Cul1/Znrf2/Herc6/Herc3/Kbtbd8/Uba3/Vhl/Atg7/Fbxl14/Spsb2/Klhl42/Ube2s/Ube2m/Fbxo27/Fbxo17/Psmd8/Herc2/Ube3a/Asb7/Klhl25/Det1/Btbd1/Rbbp6/Fbxl19/Cdc16/Asb5/Sh3rf1/Klhl2/Uba52/Fbxw9/Siah1a/Psmd7/Znrf1/Gan/Fbxo31/Fbxl12/Keap1/Cul5/Ube2q2/Kbtbd13/Herc1/Rnf111/Nedd4/Fbxo9/Ube3d/Rnf7/Spsb4/Anapc13/Uba5/Dcaf1/Traip/Rnf123/Arih2/Trim71/Uba1/Klhl13/Pja1/Huwe1/Asb11/Asb9",239
"R-MMU-170834","Signaling by TGF-beta Receptor Complex","68/6675","70/8731",0.971428571428571,1.2706431246656,4.09621931708861,1.61838602198265e-06,0.000627933776529267,0.000528672767180998,"Ccnt2/F11r/Tgfb2/Ube2d1/Rps27a/Ubb/Mtmr4/Itgb3/Smurf2/Ppm1a/Ltbp2/Snw1/Itgb8/Ccnt1/Sp1/Mapk1/Itgb5/Stub1/Tgif1/Ltbp1/Bambi/Smad4/Smad7/Smad2/Ltbp3/Men1/Itga8/Cdk9/Itgb6/Itgav/Fbn1/Fkbp1a/Tgif2/Rbl1/E2f5/Skil/Wwtr1/Trim33/Ube2d3/Ccnc/Tgfbr1/Zfyve9/Hdac1/Prkcz/Tgfbr3/Ncor2/Ubc/Smurf1/Cdk8/Strap/Ube2m/Tgfb1/Ltbp4/Furin/Arhgef18/Tfdp1/Uba52/E2f4/Pard6a/Pard3/Itgb1/Cbl/Smad3/Rnf111/Rhoa/Tgfbr2/Usp9x/Atp1b4",68
"R-MMU-9013405","RHOD GTPase cycle","48/6675","48/8731",1,1.30801498127341,3.85548271275893,2.42792104142606e-06,0.00066347212634786,0.000558593370980157,"Steap3/Tor1aip1/Lbr/Akap12/Esyt1/Vrk2/Ankfy1/Arhgap5/Actn1/Pik3r1/Depdc1b/Diaph3/Arhgap39/Cpne8/Racgap1/Arhgap12/Diaph1/Arhgap26/Lmnb1/Lman1/Rhod/Add3/Arhgap21/Golga2/Arhgap1/Pak6/Pak5/Rbm39/Pgrmc2/Vangl1/Hint2/Capzb/Vamp3/Stbd1/Cav1/Rab7/Plxna1/Arhgap35/Whamm/Arhgap17/Pik3r2/Arhgap32/Mcam/Filip1/Plxnb1/Emd/Diaph2/Mospd2",48
"R-MMU-9006934","Signaling by Receptor Tyrosine Kinases","347/6675","406/8731",0.854679802955665,1.11793398645781,4.38461107414265,2.84996617847019e-06,0.00066347212634786,0.000558593370980157,"Atp6v1h/Alkal1/Col9a1/Ptpn18/Nck2/Col3a1/Col5a2/Abi2/Nrp2/Creb1/Erbb4/Irs1/Col4a3/Mapkapk2/Atp6v1g3/Ncf2/Ncstn/Akt3/Psen2/Esr1/Sgk1/Ptprk/Hdac2/Lama4/Fyn/Wasf1/Egr2/Col6a2/Col6a1/Fgf22/Ptbp1/Polr2e/Map2k2/Matk/Igf1/Dusp6/Kitl/Frs2/Rap1b/Stat6/Nab2/Rnf41/Erbb3/Tns3/Grb10/Egfr/Spred2/Rps27a/Fgf18/Cyfip2/Ppp2ca/Mapk7/Grap/Ubb/Polr2a/Crk/Ap2b1/Cltc/Col1a1/Itga3/Erbb2/Tns4/Jup/Stat5b/Stat5a/Stat3/Atp6v0a1/Dusp3/Itgb3/Prkca/Grb2/Sphk1/Baiap2/Actg1/Rock2/Atp6v1c2/Kidins220/Arf6/Atp6v1d/Pgf/Flrt2/Calm1/Rps6ka5/Hsp90aa1/Akt1/Elmo1/Ranbp9/Shc3/Fgfr4/Ntrk2/Rasa1/Thbs4/Pik3r1/Erbin/Fgf10/Prkcd/Cma1/Fgf9/Ptk2b/Gtf2f2/Spry2/Rictor/Atp6v1c1/Fam83a/Ptk2/Ncf4/Polr2f/Dnal4/Pdgfb/Grap2/Ep300/Prr5/Mapk12/Atf1/Hnrnpa1/Mapk1/Crkl/Ap2m1/Pak2/Tnk2/Atp6v1a/Rps6ka2/Plg/Thbs2/Ppp2r1a/Pdpk1/Atp6v0c/Mlst8/Stub1/Atp6v0e/Mapk14/Mapk13/Col11a2/Atp6v1g2/Vegfa/Srf/Frs3/Sh3gl1/Vav1/Fer/Alk/Memo1/Sos1/Prkce/Atp6v1e2/Calm2/Rock1/Pik3c3/Polr2d/Ctnna1/Hbegf/Diaph1/Fgf1/Pdgfrb/Ptpn2/Tcirg1/Flrt1/Polr2g/Pcsk5/Jak2/Fgfbp3/Stam/Abi1/Vav2/Col5a1/Ralgds/Rapgef1/Mapkap1/Stam2/Galnt3/Nckap1/Itgav/Ctnnd1/Ptprj/Mdk/Bdnf/Spred1/Spint1/Ltk/Fgf7/Usp8/Flrt3/Trib3/Itch/Src/Fam83d/Plcg1/Ywhab/Mmp9/Elmo2/Ptpn1/Col9a3/Pag1/Pik3ca/Fgf2/Spry1/Pdgfc/Thbs3/Shc1/Them4/Ngf/Rap1a/Vav3/Col11a1/Egf/Prkacb/Lyn/Shb/Ptpn3/Atp6v1g1/Eps15/Mknk1/Pik3r3/Atp6v0b/Ptprf/Hdac1/Ptpru/Wasf2/Rps6ka1/Cdc42/Mtor/Prkcz/Hgf/Ptpn12/Nos3/Yes1/Hgfac/Fgfbp1/Kdr/Polr2b/Epgn/Ereg/Areg/Btc/Fgf5/Spp1/Tgfbr3/Fgfrl1/Pxn/Ptpn11/Sh2b3/Atp6v0a2/Ubc/Hspb1/Sh2b2/Pdgfa/Actb/Rac1/Wasf3/Flt1/Kl/Col1a2/Cav1/Ptprz1/Atp6v1f/Ptn/Atp6v0a4/Braf/Atp6v0e2/Tgfa/Lrig1/Brk1/Atp6v1e1/Ptpn6/Chd4/Ntf3/Fgf23/Kras/Ap2s1/Calm3/Axl/Akt2/Spint2/Polr2i/Psenen/Hpn/Vrk3/Ap2a1/Flt3l/Cyfip1/Pcsk6/Igf1r/Fes/Furin/Sh3gl3/Prkcb/Fgfr2/Dock1/Ap2a2/Fgf15/Insr/Irs2/Col4a1/Col4a2/Arhgef7/Plat/Fgfr1/Nrg1/Ppp2cb/Dusp4/Fgf20/Vegfc/Uba52/Pik3r2/Eps15l1/Gab1/Gipc1/Prkaca/Polr2c/Cdh5/Atp6v0d1/Ranbp10/Bcar1/Wwox/Cyba/Rab4a/Nrp1/Itgb1/Pdgfd/Yap1/Col5a3/Cdc37/Chek1/Cbl/Ppp2r1b/Cul5/Csk/Map2k1/Cilp/Aph1b/Nedd4/Fam83b/Pik3cb/Nck1/Pik3r4/Dusp7/Mapkapk3/Rhoa/Ctnnb1/Atp6ap1/Fgf16/Col4a5/Irs4/Pak3/Rps6ka3/Sh3kbp1/Vegfd",347
"R-MMU-8980692","RHOA GTPase cycle","122/6675","134/8731",0.91044776119403,1.19087931130863,4.01198219451161,9.23188439344124e-06,0.0017909855723276,0.00150787445092874,"Prex2/Ccdc115/Ngef/Lbr/Arhgap18/Sowahc/Bcr/Srgap1/Ykt6/Stk10/Dock2/Arhgap44/Arhgef15/Abr/Arhgap23/Jup/Cavin1/Tex2/Arhgdia/Rock2/Scfd1/Arhgap5/Daam1/Plekhg3/Net1/Rasgrf2/Arhgef28/Pik3r1/Erbin/Depdc1b/Arhgef3/Arhgap22/Ktn1/Diaph3/Farp1/Trio/Rhpn1/Arhgap39/Arhgap8/Fmnl3/Racgap1/Hmox2/Tfrc/Kalrn/Arhgap31/Tagap/Def6/Vav1/Arhgap28/Rock1/Diaph1/Arap3/Arhgap26/Lman1/Stx5a/Tjp2/Arhgap19/Slk/Arhgap21/Acbd5/Vav2/Pkn3/Stom/Arhgap1/Arhgap11a/Actc1/Snap23/Ddrgk1/Arhgap40/Prex1/Ect2/Pgrmc2/Arhgef11/Iqgap3/Arhgef2/Vangl1/Vav3/Abcd3/Arhgap29/Pkn2/Maco1/Arhgef10l/Arhgef19/Vamp3/Plekhg5/Pcdh7/Stbd1/Arhgap24/Cit/Stard13/Cav1/Fam13a/Rtkn/Emc3/Plekhg6/Arhgdib/Arhgap35/Arhgef1/Akap13/Iqgap1/Arhgef17/Arap1/Arhgef18/Arhgef7/Arhgef10/Dlc1/Gmip/Pik3r2/Arhgap10/Pkn1/Arhgap42/Anln/Arhgap32/Mcam/Arhgap20/Myo9a/Rhoa/Bcap31/Atp6ap1/Ophn1/Stard8/Arhgap6",122
"R-MMU-9013406","RHOQ GTPase cycle","52/6675","53/8731",0.981132075471698,1.28333545332485,3.72777965809955,1.09694394709158e-05,0.00182406107773514,0.00153572152592821,"Steap3/Srgap2/Cdc42bpa/Gopc/Gja1/Git1/Jup/Cdc42ep4/Arhgap5/Plekhg3/Cdc42bpb/Gfod1/Depdc1b/Diaph3/Scrib/Cdc42ep1/Cpne8/Pak2/Tfrc/Arl13b/Itsn1/Trip10/Cdc42ep3/Rhoq/Mpp7/Arhgap26/Cdc42ep2/Arhgap21/Fnbp1/Stom/Arhgap1/Snap23/Prex1/Iqgap3/Vangl1/Cdc42/Vamp3/Git2/Cav1/Cftr/Rab7/Arhgap35/Pak4/Iqgap1/Lamtor1/Arhgap17/Arhgef7/Dlc1/Wwp2/Arhgap32/Arhgef9/Ophn1",52
"R-MMU-9013149","RAC1 GTPase cycle","146/6675","163/8731",0.895705521472393,1.1715962408952,3.9845845315625,1.28541720529926e-05,0.00187028203371042,0.00157463607649159,"Prex2/Abi2/Dock10/Ngef/Farp2/Srgap2/Ncf2/Cdc42bpa/Lbr/Wasf1/Bcr/Srgap1/Esyt1/Ykt6/Vrk2/Dock2/Cyfip2/Arhgap44/Arhgef15/Pld2/Abr/Git1/Arhgap23/Fmnl1/Arhgap27/Gna13/Cdc42ep4/Baiap2/Arhgdia/Dock4/Arhgap5/Sos2/Plekhg3/Rasgrf2/Iqgap2/Pik3r1/Erbin/Depdc1b/Nisch/Arhgap22/Fermt2/Ktn1/Spata13/Dock5/Diaph3/Farp1/Trio/Arhgap39/Ncf4/Cdc42ep1/Sh3bp1/Racgap1/Pak2/Tfrc/Kalrn/Arhgap31/Tiam2/Nox3/Tagap/Def6/Vav1/Ralbp1/Sos1/Arhgap12/Mpp7/Fam13b/Arap3/Arhgap26/Dock8/Arhgap21/Abi1/Noxa1/Vav2/Chn1/Nckap1/Arhgap1/Pak6/Snap23/Pak5/Jag1/Rbm39/Prex1/Ect2/Pik3ca/Arhgef11/Iqgap3/Vangl1/Vav3/Arhgap29/Pkn2/Syde2/Arhgef39/Pik3r3/Wasf2/Cdc42/Arhgef19/Vamp3/Arhgap24/Git2/Cit/Taok3/Rac1/Baiap2l1/Wasf3/Cav1/Chn2/Fam13a/Arhgap25/Rab7/Srgap3/Brk1/Plekhg6/Arhgdib/Arhgap35/Plekhg2/Pak4/Garre1/Cyfip1/Iqgap1/Arap1/Lamtor1/Swap70/Arhgap17/Dock1/Arhgef18/Arhgef7/Arhgef10/Dlc1/Gmip/Pik3r2/Arhgap10/Pkn1/Pard6a/Cyba/Itgb1/Arhgap42/Dock6/Arhgap32/Mcam/Arhgap20/Dock11/Emd/Ophn1/Nox1/Pak3/Nhs",146
"R-MMU-9006936","Signaling by TGFB family members","101/6675","110/8731",0.918181818181818,1.20099557371467,3.82230391555045,2.16588739430761e-05,0.00280121436330451,0.00235841071824606,"Bmpr2/Inhbb/Ccnt2/F11r/Ncstn/Grem2/Psen2/Tgfb2/Ube2d1/Fstl3/Rps27a/Ubb/Arrb2/Mtmr4/Nog/Itgb3/Smurf2/Ppm1a/Ltbp2/Snw1/Itgb8/Inhba/Smad5/Zfyve16/Fst/Bmpr1a/Mmp14/Ccnt1/Acvrl1/Acvr1b/Sp1/Amhr2/Mapk1/Itgb5/Fstl1/Stub1/Tgif1/Ltbp1/Bambi/Smad4/Smad7/Smad2/Ltbp3/Men1/Itga8/Cdk9/Acvr2a/Acvr1c/Itgb6/Itgav/Fbn1/Fkbp1a/Tgif2/Rbl1/E2f5/Skil/Fgf2/Smad9/Wwtr1/Trim33/Ube2d3/Bmpr1b/Mmp16/Ccnc/Tgfbr1/Cer1/Zfyve9/Hdac1/Prkcz/Tgfbr3/Ncor2/Ubc/Smurf1/Cdk8/Strap/Ube2m/Tgfb1/Ltbp4/Psenen/Furin/Arrb1/Arhgef18/Tfdp1/Uba52/Smad1/Gipc1/E2f4/Pard6a/Pard3/Itgb1/Cbl/Smad3/Smad6/Aph1b/Rnf111/Rhoa/Tgfbr2/Acvr2b/Usp9x/Atp1b4/Chrdl1",101
"R-MMU-9675108","Nervous system development","214/6675","247/8731",0.866396761133603,1.13325994328951,3.82797393996029,3.65113934254324e-05,0.00424992619472034,0.00357811655569238,"Col9a1/Nck2/Col3a1/Col5a2/Creb1/Arpc2/Tuba4a/Epha4/Col4a3/Ngef/Gpc1/Farp2/St8sia4/Actr3/Cxcr4/Nfasc/Ptprc/Arpc5/Dnm3/Ncstn/Spta1/Psen2/Enah/Plxna2/Adgrg6/Fyn/Col6a2/Col6a1/Efna2/Map2k2/Pip5k1c/Ntn4/Plxnc1/Frs2/Grb10/Egfr/Actr2/Rps27a/Sptbn1/Slit3/Mapk7/Ubb/Pfn1/Git1/Cdk5r1/Ap2b1/Cltc/Erbb2/Itga2b/Itgb3/Prkca/Grb2/Actg1/Rhob/Rock2/Numb/Rps6ka5/Evl/Hsp90aa1/Tubb2a/Tubb2b/Ranbp9/Shc3/Sema4d/Unc5a/Pdlim7/Rasa1/Arhgef28/Pik3r1/Dpysl2/Gfra2/Gdnf/Trio/Sdc2/Ptk2/Rnd1/Tuba1b/Tuba1a/Itga5/Mapk1/Ap2m1/Ephb3/Pak2/Kalrn/Gsk3b/Gap43/Robo1/Itsn1/Dscam/Ezr/Csnk2b/Hsp90ab1/Nrtn/Efna5/Sos1/Rock1/Dpysl3/Tubb6/Sptbn2/Vldlr/Gfra1/Tubb4b/Grin1/Vav2/Col5a1/Abl1/Dnm1/Itgav/Sema6d/Ptpra/Gfra4/Csnk2a1/Src/Plcg1/Mmp9/Tubb1/Col9a3/Pik3ca/Pfn2/Arhgef11/Sema4a/Efna1/Efna4/Shc1/Vav3/Prkacb/Usp33/Lyn/Sdcbp/Epha7/Cd72/Tln1/Dab1/Pik3r3/Artn/Lypla2/Ephb2/Epha8/Cdc42/Rap1gap/Pik3cd/Sema3a/Sema3e/Reln/Cdk5/Dpysl5/Yes1/Slit2/Ptpn11/Arpc3/Ubc/Limk1/Actb/Rac1/Arpc1a/Arpc1b/Plxna4/Ephb6/Dok1/Plxna1/Plxnd1/Cxcl12/Ret/Tuba3a/Kras/Tuba3b/Arhgap35/Ap2s1/Vasp/Tyrobp/Psenen/Ap2a1/St8sia2/Fes/Dock1/Ap2a2/Efnb2/Irs2/Col4a1/Col4a2/Arhgef7/Ank1/Fgfr1/Uba52/Pik3r2/Gab1/Prkaca/Mmp2/Dok4/Csnk2a2/Tubb3/Nrp1/Itgb1/Col5a3/Dnm2/Ncam1/Rdx/Sema7a/Map2k1/Aph1b/Pik3cb/Nck1/Dag1/Rhoa/Plxnb1/Itga9/Plxnb3/Plxna3/Msn/Efnb1/Kif4/Col4a5/Pak3/Sh3kbp1",214
"R-MMU-422475","Axon guidance","213/6675","246/8731",0.865853658536585,1.13254955695624,3.79962828867371,4.17087207256589e-05,0.00441354099315154,0.00371586784646779,"Col9a1/Nck2/Col3a1/Col5a2/Creb1/Arpc2/Tuba4a/Epha4/Col4a3/Ngef/Gpc1/Farp2/St8sia4/Actr3/Cxcr4/Nfasc/Ptprc/Arpc5/Dnm3/Ncstn/Spta1/Psen2/Enah/Plxna2/Fyn/Col6a2/Col6a1/Efna2/Map2k2/Pip5k1c/Ntn4/Plxnc1/Frs2/Grb10/Egfr/Actr2/Rps27a/Sptbn1/Slit3/Mapk7/Ubb/Pfn1/Git1/Cdk5r1/Ap2b1/Cltc/Erbb2/Itga2b/Itgb3/Prkca/Grb2/Actg1/Rhob/Rock2/Numb/Rps6ka5/Evl/Hsp90aa1/Tubb2a/Tubb2b/Ranbp9/Shc3/Sema4d/Unc5a/Pdlim7/Rasa1/Arhgef28/Pik3r1/Dpysl2/Gfra2/Gdnf/Trio/Sdc2/Ptk2/Rnd1/Tuba1b/Tuba1a/Itga5/Mapk1/Ap2m1/Ephb3/Pak2/Kalrn/Gsk3b/Gap43/Robo1/Itsn1/Dscam/Ezr/Csnk2b/Hsp90ab1/Nrtn/Efna5/Sos1/Rock1/Dpysl3/Tubb6/Sptbn2/Vldlr/Gfra1/Tubb4b/Grin1/Vav2/Col5a1/Abl1/Dnm1/Itgav/Sema6d/Ptpra/Gfra4/Csnk2a1/Src/Plcg1/Mmp9/Tubb1/Col9a3/Pik3ca/Pfn2/Arhgef11/Sema4a/Efna1/Efna4/Shc1/Vav3/Prkacb/Usp33/Lyn/Sdcbp/Epha7/Cd72/Tln1/Dab1/Pik3r3/Artn/Lypla2/Ephb2/Epha8/Cdc42/Rap1gap/Pik3cd/Sema3a/Sema3e/Reln/Cdk5/Dpysl5/Yes1/Slit2/Ptpn11/Arpc3/Ubc/Limk1/Actb/Rac1/Arpc1a/Arpc1b/Plxna4/Ephb6/Dok1/Plxna1/Plxnd1/Cxcl12/Ret/Tuba3a/Kras/Tuba3b/Arhgap35/Ap2s1/Vasp/Tyrobp/Psenen/Ap2a1/St8sia2/Fes/Dock1/Ap2a2/Efnb2/Irs2/Col4a1/Col4a2/Arhgef7/Ank1/Fgfr1/Uba52/Pik3r2/Gab1/Prkaca/Mmp2/Dok4/Csnk2a2/Tubb3/Nrp1/Itgb1/Col5a3/Dnm2/Ncam1/Rdx/Sema7a/Map2k1/Aph1b/Pik3cb/Nck1/Dag1/Rhoa/Plxnb1/Itga9/Plxnb3/Plxna3/Msn/Efnb1/Kif4/Col4a5/Pak3/Sh3kbp1",213
"R-MMU-4420097","VEGFA-VEGFR2 Pathway","85/6675","92/8731",0.923913043478261,1.20849210226348,3.62220467542049,5.36890175296977e-05,0.00520783470038068,0.00438460309825865,"Nck2/Abi2/Mapkapk2/Ncf2/Akt3/Fyn/Wasf1/Cyfip2/Crk/Jup/Itgb3/Prkca/Sphk1/Baiap2/Actg1/Rock2/Calm1/Hsp90aa1/Akt1/Elmo1/Rasa1/Pik3r1/Prkcd/Ptk2b/Rictor/Ptk2/Ncf4/Prr5/Mapk12/Pak2/Pdpk1/Mlst8/Mapk14/Mapk13/Vegfa/Vav1/Calm2/Rock1/Ctnna1/Abi1/Vav2/Mapkap1/Nckap1/Itgav/Ctnnd1/Trib3/Src/Plcg1/Elmo2/Pik3ca/Them4/Vav3/Prkacb/Shb/Wasf2/Cdc42/Mtor/Prkcz/Nos3/Kdr/Pxn/Hspb1/Actb/Rac1/Wasf3/Cav1/Brk1/Kras/Calm3/Axl/Akt2/Cyfip1/Prkcb/Dock1/Pik3r2/Prkaca/Cdh5/Bcar1/Cyba/Pik3cb/Nck1/Mapkapk3/Rhoa/Ctnnb1/Pak3",85
"R-MMU-8951664","Neddylation","178/6675","204/8731",0.872549019607843,1.14130718954248,3.679615272257,6.7562541111206e-05,0.00604944598872645,0.00509317617607553,"Cops5/Eloc/Cul3/Psmd1/Cops7b/Asb18/Cops8/Ube2f/Asb1/Rbbp5/Cop1/Klhl20/Dcaf6/Dcaf8/Dtl/Fbxo30/Ube2d1/Fbxo7/Socs2/Cand1/Commd1/Rps27a/Fbxw11/Skp1/Cops3/Ubb/Wsb1/Psmd11/Psmb3/Fbxl20/Psmd3/Klhl11/Asb16/Dcaf7/Psmc5/Psmd12/Socs3/Nploc4/Psma6/Lrr1/Psma3/Hif1a/Dcaf5/Dcaf4/Psmc1/Ankrd9/Btbd6/Asb13/Ercc8/Kctd6/Psmd6/Asb14/Psmc6/Dcaf11/Commd6/Uchl3/Lmo7/Fbxl3/Fbxo4/Skp2/Fbxl7/Dcaf13/Fbxo32/Commd5/Rbx1/Asb8/Klhl22/Psmd2/Fbxo40/Tulp4/Psmb1/Elob/Ccnf/Spsb3/Fbxl16/Fem1a/Epas1/Socs5/Fbxo11/Cul2/Ube2d2a/Fem1c/Commd10/Socs6/Ddb1/Fbxw4/Fbxl15/Commd3/Wdr5/Asb6/Psmb7/Psmd14/Klhl41/Dcaf17/Nfe2l2/Psmc3/Ddb2/Commd9/Cops2/Commd7/Psma7/Adrm1/Dcun1d1/Commd2/Fbxw7/Psmb4/Psma5/Ube2d3/Fbxl4/Vcp/Fbxo10/Dcaf10/Lrrc41/Psmb2/Wdtc1/Mul1/Fbxo6/Fbxo44/Spsb1/Klhl21/Fbxl13/Psmc2/Asb10/Nub1/Fbxl5/Klhl5/Commd8/Dcun1d4/Cops4/Wsb2/Fbxo21/Fbxw8/Ubc/Kctd7/Cops6/Asb4/Cul1/Kbtbd8/Uba3/Vhl/Fbxl14/Spsb2/Cops7a/Klhl42/Ube2m/Hif3a/Fbxo27/Fbxo17/Psmd8/Asb7/Klhl25/Btbd1/Dcun1d3/Fbxl19/Cul4a/Asb5/Klhl2/Uba52/Fbxw9/Nae1/Psmd7/Gan/Fbxo31/Dcun1d5/Fbxl12/Keap1/Cul5/Senp8/Fem1b/Kbtbd13/Fbxo9/Rnf7/Spsb4/Klhl13/Cul4b/Rbbp7/Asb11/Asb9",178
"R-MMU-1483257","Phospholipid metabolism","164/6675","188/8731",0.872340425531915,1.14103434536616,3.5222470185676,0.000134195994567681,0.0100777099747026,0.00848466990997299,"Inpp4a/Pikfyve/Alpi/Inpp5d/Pik3c2b/Plekha6/Pla2g4a/Lpgat1/Fig4/Agpat3/Pip5k1c/Chpt1/Osbpl8/Pip4k2c/Pla2g3/Inpp5j/Rufy1/Arf1/Pemt/Pik3r6/Pld2/Pitpnm3/Inpp5k/Mtmr4/Pip4k2b/Pcyt2/Lpin1/Mboat2/Pik3cg/Pnpla8/Mboat1/Ptdss1/Lpcat1/Pik3r1/Ddhd1/Pip4p1/Abhd4/Mtmr6/Mtmr9/Mtmr12/Dgat1/Pla2g6/Sbf1/Chkb/Arf3/Pi4ka/Liph/Plaat1/Pcyt1a/Pla1a/Lipi/Synj2/Agpat4/Agpat1/Slc44a4/Csnk2b/Rab5a/Tnfaip8l1/Lpin2/Lclat1/Pik3c3/Tnfaip8/Chka/Pitpnm1/Plaat3/Pip5k1b/Pten/Pi4k2a/Gpam/Pip4k2a/Inpp5e/Agpat2/Miga2/Rab14/Gpd2/Pla2r1/Plekha3/Lpcat4/Pla2g4b/Pla2g4e/Pla2g4d/Pla2g4f/Stard7/Gpat2/Cds2/Crls1/Csnk2a1/Cpne1/Lpin3/Pik3ca/Pi4kb/Pip5k1a/Acp6/Slc44a3/Pla2g12a/Etnppl/Miga1/Slc44a5/Cpne3/Slc44a1/Pik3r3/Mfsd2a/Pla2g2f/Pla2g2d/Pla2g5/Pik3cd/Hadha/Hadhb/Selenoi/Plb1/Pi4k2b/Gpat3/Cds1/Ptpn13/Pitpnb/Pitpnm2/Agk/Plekha8/Mgll/Lpcat3/Plbd1/Pik3c2g/Plekha5/Etnk1/Dgat2/Stard10/Inppl1/Pik3c2a/Gde1/Cdipt/Inpp5f/Plekha1/Ptdss2/Pnpla2/Osbpl5/Pnpla6/Agpat5/Tpte/Gpat4/Plekha2/Ddhd2/Mtmr7/Enpp6/Pik3r2/Inpp4b/Lpcat2/Csnk2a2/Pla2g15/Vac14/Cpne7/Rab4a/Slc44a2/Pik3cb/Pik3r4/Gpd1l/Osbpl10/Sacm1l/Ocrl/Mtm1/Mtmr1/Tafazzin/Pcyt1b/Awat2/Dgat2l6",164
"R-MMU-983169","Class I MHC mediated antigen processing & presentation","280/6675","331/8731",0.845921450151057,1.10647792977811,3.55840318464008,0.000136433614134619,0.0100777099747026,0.00848466990997299,"Ube2w/Eloc/Tpp2/Hecw2/Cul3/Trip12/Psmd1/Asb18/Ube2f/Asb1/Ncf2/Klhl20/Fbxo30/Rnf217/Hace1/Herc4/Ube2d1/Ube2g2/Cdc34/Rnf126/Thop1/Fzr1/Fbxo7/Ube2n/Rnf41/Rps27a/Fbxw11/Trim41/Rnf130/Canx/Sec24a/Sar1b/Ube2b/Skp1/Trim11/Ubb/Ube2g1/Blmh/Wsb1/Psmd11/Trim37/Ube2z/Npepps/Psmb3/Fbxl20/Psmd3/Klhl11/Asb16/Cdc27/Mrc2/Psmc5/Smurf2/Psmd12/Ube2o/Socs3/Anapc11/Cbll1/Psma6/Sec23a/Lrr1/Psma3/Arel1/Psmc1/Btbd6/Asb13/Rnf182/Mylip/Rnf144b/Erap1/Kctd6/Psmd6/Ube2e1/Ube2e2/Sec24c/Asb14/Psmc6/Lmo7/Fbxl3/Fbxo4/Skp2/Fbxl7/Rnf19a/Fbxo32/Ncf4/Rbx1/Asb8/Mgrn1/Socs1/Ube2v2/Ube2l3/Klhl22/Psmd2/Itgb5/Dtx3l/Fbxo40/Dzip3/Cblb/Ltn1/Prkn/Psmb1/Lnpep/Elob/Ccnf/Unkl/Fbxl16/Stub1/Tapbp/H2-K1/Tap2/H2-Q2/H2-Q6/H2-Q10/H2-T23/Trim39/H2-M10.1/H2-M10.3/H2-M10.4/H2-M10.5/H2-M10.6/Cul7/Ubr2/Pja2/Fbxo11/Cul2/Rnf138/Cdc23/Ube2d2a/Rnf14/Trim36/Mex3c/Hectd2/Fbxw4/Fbxl15/Mrc1/Ubac1/Asb6/Lrsam1/Hspa5/Psmb7/Psmd14/Klhl41/Ube2e3/Itgav/Ube2l6/Psmc3/Snap23/Ubr1/Pdia3/B2m/Trim69/Anapc1/Rbck1/Itch/Ube2c/Rnf114/Ube2v1/Psma7/Adrm1/Siah2/Fbxw7/Ube2q1/Psmb4/Fcgr1/Rnf115/Psma5/Sec24d/Sec24b/Ube2d3/Fbxl4/Ufl1/Ube2j1/Ube2r2/Fbxo10/Cdc26/Trim32/Lrrc41/Hectd3/Rnf220/Cdc20/Psmb2/Ubr4/Fbxo6/Fbxo44/Spsb1/Vamp3/Klhl21/Cd36/Fbxl13/Psmc2/Asb10/Ube3c/Rnf4/Fbxl5/Anapc4/Klhl5/Ube2k/Lnx1/Uba6/Rchy1/Sec31a/Glmn/Ube3b/Fbxo21/Fbxw8/Anapc7/Anapc5/Rnf34/Ubc/Kctd7/Smurf1/Rnf6/Asb4/Ube2h/Cul1/Znrf2/Herc6/Herc3/Vamp8/Kbtbd8/Uba3/Vhl/Sec13/Atg7/Fbxl14/Spsb2/Klhl42/Ube2s/Ube2m/Fbxo27/Fbxo17/Psmd8/Herc2/Ube3a/Asb7/Klhl25/Det1/Btbd1/Rbbp6/Fbxl19/Stx4a/Cdc16/Asb5/Sh3rf1/Klhl2/Uba52/Calr/Fbxw9/Siah1a/Psmb10/Psmd7/Znrf1/Gan/Fbxo31/Cyba/Fbxl12/Keap1/Cul5/Ube2q2/Kbtbd13/Herc1/Rnf111/Nedd4/Fbxo9/Ube3d/Rnf7/Spsb4/Anapc13/Uba5/Dcaf1/Traip/Rnf123/Arih2/Trim71/Uba1/Klhl13/Bcap31/Pja1/Huwe1/Asb11/Asb9",280
"R-MMU-194138","Signaling by VEGF","91/6675","100/8731",0.91,1.1902936329588,3.44837827907779,0.000138525223019967,0.0100777099747026,0.00848466990997299,"Nck2/Abi2/Nrp2/Mapkapk2/Ncf2/Akt3/Fyn/Wasf1/Cyfip2/Crk/Jup/Itgb3/Prkca/Sphk1/Baiap2/Actg1/Rock2/Pgf/Calm1/Hsp90aa1/Akt1/Elmo1/Rasa1/Pik3r1/Prkcd/Ptk2b/Rictor/Ptk2/Ncf4/Prr5/Mapk12/Pak2/Pdpk1/Mlst8/Mapk14/Mapk13/Vegfa/Vav1/Calm2/Rock1/Ctnna1/Abi1/Vav2/Mapkap1/Nckap1/Itgav/Ctnnd1/Trib3/Src/Plcg1/Elmo2/Pik3ca/Them4/Vav3/Prkacb/Shb/Wasf2/Cdc42/Mtor/Prkcz/Nos3/Kdr/Pxn/Hspb1/Actb/Rac1/Wasf3/Flt1/Cav1/Brk1/Kras/Calm3/Axl/Akt2/Cyfip1/Prkcb/Dock1/Vegfc/Pik3r2/Prkaca/Cdh5/Bcar1/Cyba/Nrp1/Pik3cb/Nck1/Mapkapk3/Rhoa/Ctnnb1/Pak3/Vegfd",91
"R-MMU-3700989","Transcriptional Regulation by TP53","241/6675","285/8731",0.845614035087719,1.10607582626979,3.28045826217091,0.000415121013606001,0.027376244348836,0.0230487280600165,"Tcea1/Eloc/Cnot11/Gls/Bard1/Cnot9/Prkag3/Ing5/Steap3/Ccnt2/Mdm4/Btg2/Akt3/Trp53bp2/Smyd2/Sgk1/Hdac2/Sesn1/Ddit4/Dna2/Cdk1/Polr2e/Stk11/Mbd3/Txnrd1/Nuak1/Cradd/E2f7/Cnot2/Mdm2/Dyrk2/Pip4k2c/Gls2/Igfbp3/Hus1/Rps27a/Npm1/Ccng1/Cnot6/Ppp2ca/Cnot8/Top3a/Ubb/Chd3/Polr2a/Rpa1/Ywhae/Cdk5r1/Rffl/Brip1/Supt4a/Pip4k2b/Cdk12/Brca1/Map2k6/Ywhaq/Mnat1/Ppp2r5c/Ppp1r13b/Akt1/Cdk13/Prelid1/Rmi1/Ccnh/Cox7c/Jmy/Gtf2h2/Taf9/Cdk7/Ccnb1/Plk2/Slc38a9/Ttc5/Pip4p1/Supt16/Prmt5/Rabggta/Cpap/Bnip3l/Gtf2f2/Pou4f1/Prkaa1/Rictor/Cox6c/Ywhaz/Polr2f/Ep300/Prr5/Brd1/Ccnt1/Prkag1/Higd1c/Zfp385a/Usp7/Rmi2/Rfc4/Trp63/Ppp2r1a/Elob/Pdpk1/Mlst8/Taf11/Mapk14/Brpf3/Cdkn1a/Daxx/Ehmt2/Csnk2b/Cox7a2l/Rbbp8/Taf4b/Polr2d/Ercc3/Cdc25c/Prelid3a/Ctdp1/Rad9a/Kat5/Prdx5/Polr2g/Mta2/Taf5/Taf3/Pip4k2a/Ehmt1/Nelfb/Tsc1/Cdk9/Mapkap1/Tnks1bp1/Pcna/Csnk2a1/Cox4i2/Tpx2/Phf20/L3mbtl1/Ywhab/Nelfcd/Taf4/Ccna2/Lamtor2/Gatad2b/Hipk1/Taf13/Lamtor3/Rabggtb/Trp53inp1/Ccne2/Rragd/Txn1/Prkaa2/Prdx1/Rragc/Meaf6/Rbbp4/Hdac1/Taf12/Sesn2/Rpa2/Sfn/Eloa/Mtor/Cdk5/Rheb/Prkag2/Ywhah/Nelfa/Polr2b/Cnot6l/Chek2/Triap1/Cox6a1/Prkab1/Rfc5/Mapkapk5/Rad9b/Rnf34/Kmt5a/Gtf2h3/Ubc/Ywhag/Lamtor4/Rfc3/Rpa3/Ndufa4/Cnot4/Hipk2/Casp2/Cycs/Gadd45a/Brpf1/Chd4/Tigar/Cdkn1b/Cnot3/Ppp1r13l/Ercc2/Akt2/Supt5/Zfp420/Cox7a1/Polr2i/Gpi1/Ccne1/Gtf2h1/E2f8/Blm/Lamtor1/Taf10/Tmem219/Cox6a2/Cdkn1c/Wrn/Ppp2cb/Gsr/Cnot7/Ing2/Gatad2a/Uba52/Ell/Brd7/Polr2c/Csnk2a2/Cnot1/Cox4i1/Banp/Sesn3/Mre11a/Pin1/Chek1/Usp2/Ppp2r1b/Atm/Cox5a/Pml/Cox7a2/Atrip/Cnot10/Taf1/Taf9b/Rbbp7",241
"R-MMU-9006925","Intracellular signaling by second messengers","199/6675","233/8731",0.854077253218884,1.11714584237514,3.26563527429367,0.000423343984775814,0.027376244348836,0.0230487280600165,"Prex2/Il1rl1/Cd28/Icos/Creb1/Erbb4/Irs1/Psmd1/Phlpp1/Akt3/Ppp2r5a/Esr1/Sgk1/Rnf146/Frk/Hdac2/Fyn/Foxo3/Fgf22/Mbd3/Pip5k1c/Kitl/Frs2/Mdm2/Pip4k2c/Erbb3/Adcy1/Egfr/Rps27a/Fgf18/Ppp2ca/Ubb/Pik3r6/Chd3/Camkk1/Psmd11/Psmb3/Pip4k2b/Erbb2/Psmd3/Psmc5/Psmd12/Prkca/Prkar1a/Grb2/Adcy3/Pik3cg/Psma6/Psma3/Ppp2r5e/Esr2/Psmc1/Calm1/Ppp2r5c/Akt1/Trim27/Fgfr4/Ntrk2/Pik3r1/Slc38a9/Fgf10/Psmd6/Prkcd/Psmc6/Fgf9/Rictor/Adcy8/Maf1/Pdgfb/Prr5/Irak4/Nr4a1/Pde1b/Adcy9/Usp7/Mapk1/Psmd2/Il1rap/Adcy5/Cd80/Trat1/Psmb1/Ppp2r1a/Pdpk1/Mlst8/Stub1/Cdkn1a/Csnk2b/Ier3/Vav1/Strn/Mta3/Prkce/Calm2/Hbegf/Fgf1/Pdgfrb/Rps6kb2/Grk2/Ppp2r5b/Mta2/Pip5k1b/Il33/Pten/Tnks2/Pip4k2a/Mapkap1/Psmb7/Psmd14/Pde1a/Psmc3/Traf6/Bdnf/Fgf7/Csnk2a1/Trib3/Src/Psma7/Adrm1/Pik3ca/Usp13/Fgf2/Foxo1/Lamtor2/Gatad2b/Them4/Psmb4/Pip5k1a/Psma5/Egf/Lamtor3/Prkacb/Rragd/Pik3r3/Foxo6/Rragc/Psmb2/Rbbp4/Hdac1/Otud3/Casp9/Mtor/Pik3cd/Hgf/Psmc2/Rheb/Epgn/Ereg/Areg/Btc/Fgf5/Ptpn11/Camkk2/Ubc/Lamtor4/Pdgfa/Prkar1b/Rac1/Kl/Pde1c/Tgfa/Chd4/Ntf3/Fgf23/Cdkn1b/Calm3/Akt2/Psmd8/Akt1s1/Flt3l/Lamtor1/Rhog/Fgfr2/Fgf15/Insr/Irs2/Fgfr1/Nrg1/Ppp2cb/Tnks/Fgf20/Gatad2a/Uba52/Pik3r2/Gab1/Prkaca/Adcy7/Csnk2a2/Wwp2/Psmd7/Phlpp2/Ppp2r1b/Pml/Nedd4/Pik3cb/Xiap/Irak1/Fgf16/Rbbp7",199
"R-MMU-9035034","RHOF GTPase cycle","37/6675","38/8731",0.973684210526316,1.27359353439779,3.04532740024301,0.000461418112803546,0.0282679307001751,0.0237994605551303,"Steap3/Srgap2/Tor1aip1/Akap12/Sowahc/Esyt1/Actg1/Arhgap5/Actn1/Pik3r1/Depdc1b/Diaph3/Farp1/Basp1/Arhgap39/Baiap2l2/Senp1/Arhgap12/Diaph1/Lmnb1/Add3/Arhgap21/Arhgap1/Snap23/Vangl1/Capzb/Vamp3/Rhof/Actb/Baiap2l1/Cav1/Rab7/Pik3r2/Arhgap32/Mcam/Mtmr1/Diaph2",37
"R-MMU-5218920","VEGFR2 mediated vascular permeability","28/6675","28/8731",1,1.30801498127341,2.9412881003273,0.000535844050765454,0.0298385923936455,0.0251218389568493,"Akt3/Jup/Calm1/Hsp90aa1/Akt1/Rictor/Prr5/Pak2/Pdpk1/Mlst8/Vav1/Calm2/Ctnna1/Vav2/Mapkap1/Ctnnd1/Trib3/Them4/Vav3/Mtor/Nos3/Rac1/Cav1/Calm3/Akt2/Cdh5/Ctnnb1/Pak3",28
"R-MMU-8856828","Clathrin-mediated endocytosis","117/6675","133/8731",0.879699248120301,1.15065979555631,3.1546099991588,0.000579637090519363,0.0298385923936455,0.0251218389568493,"Cops5/Arpc2/Agfg1/Cops7b/Cops8/Actr3/Syt2/Arpc5/Dnm3/Vamp4/Reps1/Pip5k1c/Syt1/Rab5b/Egfr/Actr2/Rps27a/Cops3/Epn2/Ubb/Vamp2/Dvl2/Arrb2/Ap2b1/Cltc/Rab5c/Grb2/Actg1/Apob/Arf6/Ston2/Amph/D130043K22Rik/Agtr1a/Cltb/Ubqln1/Fcho2/Wnt5a/Dab2/Pacsin2/Ap2m1/Tfrc/Itsn1/Snx9/Synj2/Igf2r/Pacsin1/Rab5a/Sh3gl1/Trip10/Ston1/Bin1/Hbegf/Adrb2/Grk2/Stam/Tor1b/Fnbp1/Dnm1/Gapvd1/Stam2/Lrp2/Pacsin3/Cops2/Avp/Arfgap1/Syt11/Egf/Dnajc6/Eps15/Ldlrap1/Vamp3/Epgn/Ereg/Areg/Btc/Scarb2/Cops4/Gak/Arpc3/Hip1r/Ubc/Hip1/Cops6/Actb/Arpc1a/Cftr/Vamp8/Tgoln1/Tacr1/Tgfa/Aak1/M6pr/Necap1/Cd4/Cops7a/Ap2s1/Ap2a1/Sh3gl3/Fzd4/Picalm/Arrb1/Pik3c2a/Ap2a2/Syt8/Uba52/Fcho1/Eps15l1/Dnm2/Ldlr/Hspa8/Cbl/Snap91/Ocrl/Ubqln2/Sh3kbp1/Reps2",117
"R-MMU-1483255","PI Metabolism","67/6675","73/8731",0.917808219178082,1.2005069006208,3.09958224759606,0.000586582484940305,0.0298385923936455,0.0251218389568493,"Inpp4a/Pikfyve/Inpp5d/Pik3c2b/Plekha6/Fig4/Pip5k1c/Pip4k2c/Inpp5j/Rufy1/Arf1/Pik3r6/Inpp5k/Mtmr4/Pip4k2b/Pik3cg/Pik3r1/Pip4p1/Mtmr6/Mtmr9/Mtmr12/Sbf1/Arf3/Pi4ka/Synj2/Rab5a/Tnfaip8l1/Pik3c3/Tnfaip8/Pip5k1b/Pten/Pi4k2a/Pip4k2a/Inpp5e/Rab14/Plekha3/Pik3ca/Pi4kb/Pip5k1a/Pik3r3/Pik3cd/Pi4k2b/Ptpn13/Pitpnb/Plekha8/Pik3c2g/Plekha5/Inppl1/Pik3c2a/Gde1/Inpp5f/Plekha1/Pnpla6/Tpte/Plekha2/Mtmr7/Enpp6/Pik3r2/Inpp4b/Vac14/Rab4a/Pik3cb/Pik3r4/Sacm1l/Ocrl/Mtm1/Mtmr1",67
"R-MMU-2173793","Transcriptional activity of SMAD2/SMAD3:SMAD4 heterotrimer","36/6675","37/8731",0.972972972972973,1.27266322502278,2.99459994998049,0.000589594179599525,0.0298385923936455,0.0251218389568493,"Ccnt2/Ube2d1/Rps27a/Ubb/Smurf2/Ppm1a/Snw1/Ccnt1/Sp1/Mapk1/Tgif1/Smad4/Smad7/Smad2/Men1/Cdk9/Tgif2/Rbl1/E2f5/Skil/Wwtr1/Trim33/Ube2d3/Ccnc/Hdac1/Ncor2/Ubc/Cdk8/Furin/Tfdp1/Uba52/E2f4/Smad3/Rnf111/Usp9x/Atp1b4",36
"R-MMU-2173789","TGF-beta receptor signaling activates SMADs","35/6675","36/8731",0.972222222222222,1.27168123179359,2.94304766952152,0.000752884061112359,0.0365148769639494,0.0307427658287546,"Tgfb2/Rps27a/Ubb/Mtmr4/Itgb3/Smurf2/Ltbp2/Itgb8/Itgb5/Stub1/Ltbp1/Bambi/Smad4/Smad7/Smad2/Ltbp3/Itga8/Itgb6/Itgav/Fbn1/Fkbp1a/Tgfbr1/Zfyve9/Tgfbr3/Ubc/Strap/Ube2m/Tgfb1/Ltbp4/Furin/Uba52/Itgb1/Cbl/Smad3/Tgfbr2",35
